brand_name,video_rank,link,views_000s,likes_000s,comments_000s,shares_000s,annotated,notes
Amazon Prime,2,https://www.tiktok.com/@amazonprimevideo/video/6894158124622695685,1100.0,17.0,17.8,15.5000,checked,
Amazon Prime,3,https://www.tiktok.com/@amazonprimevideo/video/6881763955438521606,860.3,27.4,29.3,34.3000,checked,
Amazon Prime,1,https://www.tiktok.com/@amazonprimevideo/video/6859881508983934214,2100.0,25.6,27.1,9.1710,checked,
Amazon Prime,4,https://www.tiktok.com/@amazonprimevideo/video/6881082903569124614,653.5,9.8,10.7,3.5450,checked,
Amazon Prime,5,https://www.tiktok.com/@amazonprimevideo/video/6870612519053020421,1200.0,18.5,20.1,9.1080,checked,
Alibaba,1,https://www.tiktok.com/@alibaba.com_official/video/6937327459817819398,22000.0,2300.0,7.8,5.6000,checked,
Alibaba,2,https://www.tiktok.com/@alibaba.com_official/video/6929503877561699589,21200.0,1900.0,3.4,3.7520,checked,
Alibaba,3,https://www.tiktok.com/@alibaba.com_official/video/6920240979333221638,16300.0,1700.0,2.0,1.9650,checked,
Alibaba,5,https://www.tiktok.com/@alibaba.com_official/video/6919134199412739334,10900.0,885.2,2.3,1.2750,checked,
Alibaba,4,https://www.tiktok.com/@alibaba.com_official/video/6922098556669054213,13200.0,1400.0,2.5,4.2370,checked,
Mercedes-Benz,1,https://www.tiktok.com/@mercedesbenz/video/6907258769093168385,7300.0,39.7,0.2,1.5840,checked,
Sony,1,https://www.tiktok.com/@sony/video/6937310708543671557,6400.0,83.8,0.4,0.1460,checked,
Mercedes-Benz,2,https://www.tiktok.com/@mercedesbenz/video/6909467941876632834,7000.0,106.1,0.1,1.4530,checked,
Mercedes-Benz,3,https://www.tiktok.com/@mercedesbenz/video/6907612016417000706,3900.0,139.4,0.2,1.5330,checked,
BMW,1,https://www.tiktok.com/@bmwusa/video/6911348539171835141,13900.0,1.2,5.0,12.8000,checked,
BMW,2,https://www.tiktok.com/@bmwusa/video/6911737848517364998,442.4,62.8,0.4,0.4010,checked,
BMW,4,https://www.tiktok.com/@bmwusa/video/6946162955692035334,148.0,22.6,0.2,0.1380,checked,
BMW,5,https://www.tiktok.com/@bmwusa/video/6923316847664188678,89.8,15.1,0.5,0.7770,checked,
Chevrolet,1,https://www.tiktok.com/@chevrolet/video/6930382594362068230,76100.0,684.2,18.1,27.2000,checked,
Chevrolet,2,https://www.tiktok.com/@chevrolet/video/6935469982755114245,4500.0,43.6,1.2,1.1200,checked,
Chevrolet,4,https://www.tiktok.com/@chevrolet/video/6932214462787194117,3200.0,32.8,1.3,0.8520,checked,
Chevrolet,3,https://www.tiktok.com/@chevrolet/video/6935182506987621638,3200.0,60.8,1.2,1.3460,checked,
Walmart,1,https://www.tiktok.com/@walmart/video/6863088363520445701,9200.0,463.9,0.6,0.8090,checked,
Chevrolet,5,https://www.tiktok.com/@chevrolet/video/6928053061013359877,710.0,15.6,0.5,0.1970,checked,
Walmart,2,https://www.tiktok.com/@walmart/video/6898470997402455301,6300.0,408.1,2.2,1.6330,checked,
Walmart,3,https://www.tiktok.com/@walmart/video/6937717677188320518,4800.0,99.1,0.9,0.3740,checked,
Costco,1,https://www.tiktok.com/@costcobuys/video/6921820981887536390,1400.0,3613.0,0.6,11.2000,checked,
Costco,2,https://www.tiktok.com/@costcobuys/video/6945928337118285062,981.2,11.7,0.4,5.3630,checked,
Costco,3,https://www.tiktok.com/@costcobuys/video/6927769375650925830,778.5,74.7,0.4,4.6930,checked,
Costco,5,https://www.tiktok.com/@costcobuys/video/6925169364987579653,576.5,51.9,0.2,2.7440,checked,
Costco,4,https://www.tiktok.com/@costcobuys/video/6938925048107388165,741.3,40.9,0.3,7.0910,checked,
Target,1,https://www.tiktok.com/@target/video/6920614905024400645,637.6,95.7,9.9,0.2470,checked,
Target,3,https://www.tiktok.com/@target/video/6921734111476337926,344.2,42.8,2.5,0.0870,checked,
Target,2,https://www.tiktok.com/@target/video/6920986907413417222,517.0,70.1,3.2,0.2450,checked,
Nike,2,https://www.tiktok.com/@nike/video/6795435424132205829,8500.0,1100.0,2.4,6.4290,checked,
Nike,1,https://www.tiktok.com/@nike/video/6793120889077632261,9900.0,586.0,3.8,2.6060,checked,
Nike,3,https://www.tiktok.com/@nike/video/6793123890177527045,5000.0,244.6,0.6,1.0290,checked,
Louis Vuitton,1,https://www.tiktok.com/@louisvuitton/video/6920998911373020418,11200.0,493.5,1.2,1.5380,checked,
Louis Vuitton,2,https://www.tiktok.com/@louisvuitton/video/6939167755287448837,5800.0,87.5,0.6,0.1560,checked,
Louis Vuitton,3,https://www.tiktok.com/@louisvuitton/video/6938393991889063174,5300.0,66.5,0.6,0.1780,checked,
Gucci ,1,https://www.tiktok.com/@gucci/video/6903571473261137154,19000.0,349.3,10.6,6.1040,checked,
Gucci ,2,https://www.tiktok.com/@gucci/video/6903903579703086338,13400.0,260.9,7.8,6.0000,checked,
Gucci ,3,https://www.tiktok.com/@gucci/video/6904224653649153281,12700.0,214.8,5.4,4.1000,checked,
Coach,1,https://www.tiktok.com/@coach/video/6898830789241359621,989.7,304.4,2.6,7.9970,checked,
Coach,3,https://www.tiktok.com/@coach/video/6937853869288443141,370.2,65.6,0.8,0.4740,checked,
Coach,2,https://www.tiktok.com/@coach/video/6909531116814847238,609.2,79.8,0.3,0.4410,checked,
Coach,4,https://www.tiktok.com/@coach/video/6847232777809612037,277.9,28.1,0.4,0.1170,checked,
Coach,5,https://www.tiktok.com/@coach/video/6909110094403833093,152.9,40.0,0.3,0.7070,checked,
Victoria's Secret,1,https://www.tiktok.com/@victoriassecret/video/6941471313986850054,66100.0,288.6,6.0,2.2750,checked,
Victoria's Secret,2,https://www.tiktok.com/@victoriassecret/video/6942519877454318854,6900.0,23.5,0.2,0.1270,checked,
Victoria's Secret,3,https://www.tiktok.com/@victoriassecret/video/6942470332808727814,6900.0,28.6,0.5,0.2280,checked,
Prada,1,https://www.tiktok.com/@prada/video/6919877832856423681,15500.0,365.2,0.2,2.1600,checked,
Prada,2,https://www.tiktok.com/@prada/video/6933238281136049413,11900.0,115.7,0.1,0.3640,checked,
Prada,3,https://www.tiktok.com/@prada/video/6934440308532841733,10400.0,115.1,0.1,0.2620,checked,
Polo Ralph Lauren,1,https://www.tiktok.com/@ralphlauren/video/6789672441502272774,6900.0,895.6,2.4,6.2010,checked,
Polo Ralph Lauren,3,https://www.tiktok.com/@ralphlauren/video/6822995984809856262,373.7,39.7,0.2,0.2630,checked,
Polo Ralph Lauren,2,https://www.tiktok.com/@ralphlauren/video/6797200993315458309,542.2,69.2,0.6,0.5130,checked,
Burberry,1,https://www.tiktok.com/@burberry/video/6937290223420296453,12500.0,178.9,1.8,0.3120,checked,
Burberry,2,https://www.tiktok.com/@burberry/video/6901713607596231938,5100.0,89.2,0.3,0.1520,checked,
Burberry,3,https://www.tiktok.com/@burberry/video/6693519117057527045,4900.0,215.0,0.6,2.3660,checked,
Burberry,4,https://www.tiktok.com/@burberry/video/6693893463907241221,281.4,14.2,0.0,0.3140,checked,
Burberry,5,https://www.tiktok.com/@burberry/video/6909862874081004801,88.5,4.1,0.1,0.0370,checked,
Samsung,3,https://www.tiktok.com/@samsung/video/6864797962577399045,2100.0,53.4,3.1,0.9660,checked,
Microsoft,1,https://www.tiktok.com/@microsoft365/video/6937745933887114502,23.1,3.3,0.5,0.0240,checked,
Microsoft,2,https://www.tiktok.com/@microsoft365/video/6935534780842806534,11.8,0.9,0.2,0.0320,checked,
Microsoft,3,https://www.tiktok.com/@microsoft365/video/6938556154658196741,5.9,0.6,0.2,0.0320,checked,
Huawei,1,https://www.tiktok.com/@huawei/video/6751240905207844101,799.4,46.3,0.6,3.5090,checked,
Huawei,2,https://www.tiktok.com/@huawei/video/6758967322737724677,512.3,34.6,0.5,1.3160,checked,
Huawei,3,https://www.tiktok.com/@huawei/video/6769086300982217989,196.1,8.1,0.3,0.5280,checked,
Midea Group,1,https://www.tiktok.com/@mideagroup/video/6944970029565857026,0.9,0.0,0.0,0.0000,checked,
Midea Group,2,https://www.tiktok.com/@mideagroup/video/6946059797120716034,0.7,0.0,0.0,0.0000,checked,
Midea Group,3,https://www.tiktok.com/@mideagroup/video/6945048025953783041,0.7,0.0,0.0,0.0000,checked,
Panasonic,1,https://www.tiktok.com/@panasonickorea/video/6840008620407639297,5100.0,38.6,0.9,0.5310,checked,
eBay,1,https://www.tiktok.com/@ebay/video/6941467712644320518,4500.0,62.2,1.3,0.2600,checked,
eBay,2,https://www.tiktok.com/@ebay/video/6873906353035922694,4100.0,141.1,0.6,0.2760,checked,
eBay,3,https://www.tiktok.com/@ebay/video/6941405034198355206,3800.0,53.0,0.9,0.3060,checked,
eBay,5,https://www.tiktok.com/@ebay/video/6877597451675602181,2200.0,110.8,0.3,0.1860,checked,
eBay,4,https://www.tiktok.com/@ebay/video/6941413361674456326,2900.0,46.2,0.7,0.1480,checked,
Volkswagen,2,https://www.tiktok.com/@volkswagenmx/video/6925973832297762053,286.0,8.5,0.8,0.0370,checked,
Volkswagen,1,https://www.tiktok.com/@volkswagenmx/video/6946626848604376326,346.3,39.6,1.0,0.5470,checked,
BMW,3,https://www.tiktok.com/@bmwusa/video/6941047229864004869,186.4,21.6,,,checked,
Volkswagen,3,https://www.tiktok.com/@volkswagenmx/video/6923391808215076102,120.3,11.5,0.1,0.2610,checked,
Porsche,1,https://www.tiktok.com/@porsche/video/6927185071665384710,330.2,43.1,0.2,0.1170,checked,
Porsche,2,https://www.tiktok.com/@porsche/video/6923102786880081157,180.2,44.2,0.3,0.2540,checked,
Porsche,3,https://www.tiktok.com/@porsche/video/6925699787287203078,167.1,32.8,0.4,0.4580,checked,
Home Depot,1,https://www.tiktok.com/@official.homedepot/video/6834663392351882502,224.0,69.8,1.4,2.1770,checked,
Home Depot,2,https://www.tiktok.com/@official.homedepot/video/6834966227807374598,7.9,3.0,0.1,0.0340,checked,
Home Depot,3,https://www.tiktok.com/@official.homedepot/video/6835257755251576070,7.4,0.8,0.0,0.0210,checked,
Walgreens,1,https://www.tiktok.com/@walgreens/video/6909478295025290502,8.4,0.3,0.3,0.0030,checked,
Walgreens,3,https://www.tiktok.com/@walgreens/video/6870968883327683846,6.0,0.2,0.0,0.0100,checked,
Walgreens,2,https://www.tiktok.com/@walgreens/video/6873974474530655494,8.3,0.4,0.1,0.0220,checked,
Sam's Club,1,https://www.tiktok.com/@samsclub/video/6883594825459928326,3800.0,102.4,0.8,0.7510,checked,
Sam's Club,2,https://www.tiktok.com/@samsclub/video/6806077011849661702,1500.0,233.0,0.6,2.1460,checked,
Sam's Club,3,https://www.tiktok.com/@samsclub/video/6804199560903200005,679.3,91.4,1.8,3.9730,checked,
7-Eleven,1,https://www.tiktok.com/@7eleven/video/6858381583083244806,10.0,1.0,0.0,0.0060,checked,
7-Eleven,2,https://www.tiktok.com/@7eleven/video/6860631916136238342,9.6,0.9,0.1,0.0110,checked,
7-Eleven,3,https://www.tiktok.com/@7eleven/video/6858384065859521797,6.3,0.6,0.0,0.0130,checked,
7-Eleven,4,https://www.tiktok.com/@7eleven/video/6858380678388518150,6.2,0.6,0.0,0.0040,checked,
7-Eleven,5,https://www.tiktok.com/@7eleven/video/6860628560902688005,6.1,0.5,0.0,0.0120,checked,
H&M,1,https://www.tiktok.com/@hmoffical/video/6842726888603979014,3.3,0.1,0.0,0.0030,checked,
H&M,2,https://www.tiktok.com/@hmoffical/video/6842726552698965254,1.8,0.0,0.0,0.0030,checked,
H&M,3,https://www.tiktok.com/@hmoffical/video/6842726335534714118,1.7,0.0,0.0,0.0030,checked,
The North Face,1,https://www.tiktok.com/@thenorthfaceofficial/video/6905447979516251397,531.2,61.1,0.4,3.1100,checked,
The North Face,2,https://www.tiktok.com/@thenorthfaceofficial/video/6929927881552350470,209.7,22.8,0.2,0.5760,checked,
The North Face,3,https://www.tiktok.com/@thenorthfaceofficial/video/6905083075986869510,120.8,22.7,0.2,0.2880,checked,
Honda,1,https://www.tiktok.com/@honda/video/6894228831540907270,318.5,15.3,0.4,1.2950,checked,
Honda,2,https://www.tiktok.com/@honda/video/6894661968074984709,87.2,5.8,0.1,0.1290,checked,
Honda,3,https://www.tiktok.com/@honda/video/6906920982796193030,68.2,4.5,0.2,0.0700,checked,
Hyundai Group,1,https://www.tiktok.com/@hmsgofficial/video/6933846808586145029,2800.0,184.3,3.2,1.7490,checked,
Hyundai Group,2,https://www.tiktok.com/@hmsgofficial/video/6929134235525582086,642.0,9.3,0.1,0.0200,checked,
Hyundai Group,3,https://www.tiktok.com/@hmsgofficial/video/6934264472114613510,348.8,21.3,0.5,0.1610,checked,
Land Rover,1,https://www.tiktok.com/@landrovermotors/video/6943717920908266757,0.4,0.0,0.0,0.0000,checked,
Land Rover,2,https://www.tiktok.com/@landrovermotors/video/6928863402223848710,0.4,0.0,0.0,0.0020,checked,
Land Rover,3,https://www.tiktok.com/@landrovermotors/video/6927333471820057862,0.3,0.0,0.0,0.0340,checked,
Subaru,1,https://www.tiktok.com/@subarumotorsportsusa/video/6944031761110256902,5.1,1.6,0.0,0.0150,checked,
buickusa,1,https://www.tiktok.com/@buickusa/video/6941754865412623622,2.9,0.2,0.1,0.0050,checked,
buickusa,3,https://www.tiktok.com/@buickusa/video/6941395615314136326,2.6,0.1,0.0,0.0020,checked,
buickusa,2,https://www.tiktok.com/@buickusa/video/6941395615314136326,2.9,0.1,0.0,0.0020,checked,
buickusa,5,https://www.tiktok.com/@buickusa/video/6942515201405209862,1.8,0.1,0.1,0.0230,checked,
Circle K,1,https://www.tiktok.com/@circlek_polska/video/6925359959366552837,1200.0,27.0,0.1,0.0130,checked,
Circle K,4,https://www.tiktok.com/@circlek_polska/video/6854896028013825286,28.1,3.2,0.2,0.0060,checked,
Circle K,3,https://www.tiktok.com/@circlek_polska/video/6888602532462005506,534.8,21.5,0.1,0.0450,checked,
Circle K,2,https://www.tiktok.com/@circlek_polska/video/6925802746654379270,991.2,29.3,0.1,0.0170,checked,
Circle K,5,https://www.tiktok.com/@circlek_polska/video/6854470270883794181,22.7,2.5,0.2,0.1250,checked,
El Corte Inglés ,1,https://www.tiktok.com/@elcorteingles/video/6904179822126271745,112.0,7.5,0.6,0.5650,checked,
El Corte Inglés ,3,https://www.tiktok.com/@elcorteingles/video/6626241500625767685,21.4,1.7,0.0,0.0070,checked,
El Corte Inglés ,2,https://www.tiktok.com/@elcorteingles/video/6632182656597495046,49.7,4.9,0.1,0.0260,checked,
El Corte Inglés ,4,https://www.tiktok.com/@elcorteingles/video/6609997730305543429,19.7,1.5,0.0,0.0050,checked,
El Corte Inglés ,5,https://www.tiktok.com/@elcorteingles/video/6611054762160819462,17.0,1.1,0.0,0.0000,checked,
Kroger,1,https://www.tiktok.com/@kroger/video/6947744131502378246,2.8,0.4,0.0,0.0980,checked,
Kroger,2,https://www.tiktok.com/@kroger/video/6946233095519571206,2.1,0.1,0.0,0.0230,checked,
Kroger,3,https://www.tiktok.com/@kroger/video/6947290876435516678,2.0,0.3,0.0,0.0150,checked,
Kohl's,2,https://www.tiktok.com/@kohls/video/6933224712147455237,3.1,0.0,0.0,0.0050,checked,
Kohl's,1,https://www.tiktok.com/@kohls/video/6933585473344457990,5.2,0.1,0.0,0.0050,checked,
Kohl's,3,https://www.tiktok.com/@kohls/video/6938403814525439238,1.1,0.0,0.0,0.0030,checked,
Safeway,1,https://www.tiktok.com/@safeway.official/video/6834667888129871109,0.9,0.1,0.0,0.0010,checked,
Safeway,3,https://www.tiktok.com/@safeway.official/video/6834685476520217861,0.5,0.0,0.0,0.0000,checked,
Safeway,2,https://www.tiktok.com/@safeway.official/video/6835637897379450117,0.8,0.1,0.0,0.0030,checked,
Netflix,1,https://www.tiktok.com/@netflix/video/6902105707550723334,47000.0,1400.0,31.5,57.9000,checked,
Netflix,2,https://www.tiktok.com/@netflix/video/6860653825766870277,41600.0,1400.0,14.0,3.7340,checked,
Adobe,1,https://www.tiktok.com/@adobe/video/6947708432841477381,13.5,5.6,0.1,0.0300,checked,
Netflix,3,https://www.tiktok.com/@netflix/video/6875994355300044037,18000.0,3700.0,33.8,60.9000,checked,
Philips ,3,https://www.tiktok.com/@philipsnorelco/video/6901352733568240902,5.2,0.3,0.0,0.0010,checked,
Philips ,1,https://www.tiktok.com/@philipsnorelco/video/6881722579825085701,273.2,19.3,0.0,0.0250,checked,
Philips ,2,https://www.tiktok.com/@philipsnorelco/video/6915061303149071621,15.8,1.0,0.0,0.0050,checked,
Playstation,1,https://www.tiktok.com/@playstation/video/6935977456805481734,1500.0,258.2,5.2,0.4900,checked,
Haier,3,https://www.tiktok.com/@haier_group/video/6694141718482144513,1700.0,37.2,0.1,0.0310,checked,
Xiaomi,1,https://www.tiktok.com/@xiaomi.official/video/6946097731886796033,36800.0,158.8,1.3,2.0810,checked,
Playstation,2,https://www.tiktok.com/@playstation/video/6894299058953833733,1500.0,280.5,10.4,1.7740,checked,
Playstation,3,https://www.tiktok.com/@playstation/video/6903957877229112581,1100.0,207.1,4.8,263.0000,checked,
Haier,2,https://www.tiktok.com/@haier_group/video/6701520463115373825,1900.0,10.5,0.0,0.0890,checked,
Haier,1,https://www.tiktok.com/@haier_group/video/6690041460537953537,2700.0,39.3,0.1,0.0460,checked,
Xiaomi,3,https://www.tiktok.com/@xiaomi.official/video/6940123146599009542,7100.0,163.3,0.5,0.2170,checked,
Xiaomi,2,https://www.tiktok.com/@xiaomi.official/video/6910120220334066950,10000.0,541.9,1.5,1.8410,checked,
Lenovo,1,https://www.tiktok.com/@lenovo/video/6932692083438406917,8500.0,2100.0,15.8,7.8030,checked,
Lenovo,2,https://www.tiktok.com/@lenovo/video/6930095145165589766,7800.0,1700.0,12.4,4.4960,checked,
Lenovo,3,https://www.tiktok.com/@lenovo/video/6940252648268483846,4800.0,1000.0,5.1,2.1580,checked,
Lidl,1,https://www.tiktok.com/@lidlde/video/6915033496486530306,6800.0,162.9,6.7,17.5000,checked,
Lidl,2,https://www.tiktok.com/@lidlde/video/6785545061649124614,3500.0,162.6,2.5,7.9000,checked,
Lidl,3,https://www.tiktok.com/@lidlde/video/6871224571605863682,3400.0,82.9,1.4,1.8950,checked,
iQiyi,1,https://www.tiktok.com/@iqiyiofficial/video/6936527601871768833,3800.0,464.5,2.1,1.4700,checked,
iQiyi,2,https://www.tiktok.com/@iqiyiofficial/video/6947892239569816833,2400.0,373.2,2.3,1.3080,checked,
iQiyi,3,https://www.tiktok.com/@iqiyiofficial/video/6939821417525415169,2000.0,426.8,1.8,2.6770,checked,
Amazon,1,https://www.tiktok.com/@amazon/video/6863459718170561798,489.4,49.3,0.4,0.1270,checked,
Amazon,2,https://www.tiktok.com/@amazon/video/6864942716007091462,245.1,27.9,0.5,0.1050,checked,
Amazon,3,https://www.tiktok.com/@amazon/video/6898386928723414278,236.5,39.9,0.3,0.0720,checked,
Amazon,4,https://www.tiktok.com/@amazon/video/6863139752808418565,111.8,15.5,0.2,0.0380,checked,
Amazon,5,https://www.tiktok.com/@amazon/video/6906990736978267397,110.0,6.9,0.9,0.0490,checked,
TikTok,1,https://www.tiktok.com/@tiktok/video/6906565862132698370,129100.0,515.1,22.6,3.4210,checked,
TikTok,2,https://www.tiktok.com/@tiktok/video/6932896546379861253,121100.0,910.5,25.5,7.8480,checked,
TikTok,3,https://www.tiktok.com/@tiktok/video/6911370401054526725,117800.0,1600.0,48.8,10.1000,checked,
Xbox,1,https://www.tiktok.com/@xbox/video/6924845306702023942,13500.0,1100.0,30.8,9.5950,checked,
Xbox,2,https://www.tiktok.com/@xbox/video/6877664528906194181,8100.0,384.0,4.5,1.5020,checked,
Xbox,3,https://www.tiktok.com/@xbox/video/6888719108645342469,7300.0,1300.0,39.0,45.7000,checked,
NBA,1,https://www.tiktok.com/@nba/video/6793172230592351493,50000.0,7700.0,13.3,86.0000,checked,
NBA,2,https://www.tiktok.com/@nba/video/6788347525985275142,47000.0,9200.0,62.4,217.7000,checked,
NBA,3,https://www.tiktok.com/@nba/video/6794240876827692294,36500.0,3800.0,25.1,31.8000,checked,
Flighthouse,1,https://www.tiktok.com/@flighthouse/video/6767404447732681990,64300.0,7900.0,25.6,100.3000,checked,
Flighthouse,2,https://www.tiktok.com/@flighthouse/video/6846061985604406534,32000.0,5400.0,11.2,16.7000,checked,
Flighthouse,3,https://www.tiktok.com/@flighthouse/video/6858675105396985094,10700.0,2600.0,3.0,3.3060,checked,
Nickelodeon,1,https://www.tiktok.com/@nickelodeon/video/6939314340780625158,33700.0,9000.0,116.4,149.0000,checked,
Nickelodeon,2,https://www.tiktok.com/@nickelodeon/video/6662466993637035270,29200.0,2200.0,21.6,41.0000,checked,
Nickelodeon,3,https://www.tiktok.com/@nickelodeon/video/6763762323917163781,29000.0,5200.0,28.2,108.4000,checked,
Disney,1,https://www.tiktok.com/@disney/video/6938551748793502981,3900.0,815.9,2.0,2.4890,checked,
Disney,3,https://www.tiktok.com/@disney/video/6946601906697473285,206.5,71.5,1.1,1.4620,checked,
Disney,2,https://www.tiktok.com/@disney/video/6941755947719134470,230.1,53.3,2.0,0.1850,checked,
Fox,1,https://www.tiktok.com/@foxtv/video/6916558159800749318,1100.0,52.7,0.3,0.3320,checked,
Fox,2,https://www.tiktok.com/@foxtv/video/6891725728711331077,940.8,190.2,2.0,3.1880,checked,
Fox,3,https://www.tiktok.com/@foxtv/video/6933336793605606661,643.0,78.2,0.4,2.0140,checked,
Universal,1,https://www.tiktok.com/@universalmusic/video/6893577298092559621,89.3,10.6,0.1,0.0510,checked,
Universal,2,https://www.tiktok.com/@universalmusic/video/6917335087000341765,80.5,25.6,0.1,0.1460,checked,
Universal,3,https://www.tiktok.com/@universalmusic/video/6923261693283896581,33.1,4.4,0.0,0.1350,checked,
NBC,1,https://www.tiktok.com/@nbc/video/6927375317128531205,816.7,152.1,1.4,2.7810,checked,
NBC,3,https://www.tiktok.com/@nbc/video/6948484360681180421,460.1,103.2,2.5,1.3870,checked,
NBC,2,https://www.tiktok.com/@nbc/video/6922514476952489221,533.4,41.6,0.2,3.7170,checked,
Warner Bros.,1,https://www.tiktok.com/@warnerbrostv/video/6827234062483148037,3800.0,397.8,1.2,7.7710,checked,
Warner Bros.,2,https://www.tiktok.com/@warnerbrostv/video/6826493629016608005,2000.0,237.2,0.8,3.2870,checked,
Warner Bros.,3,https://www.tiktok.com/@warnerbrostv/video/6842082547262852358,1800.0,299.9,1.1,3.5250,checked,
Discovery,1,https://www.tiktok.com/@discovery/video/6932269626499894534,8400.0,596.4,25.3,21.0000,checked,
Discovery,2,https://www.tiktok.com/@discovery/video/6930319665293970694,4000.0,290.7,4.1,3.5730,checked,
Discovery,3,https://www.tiktok.com/@discovery/video/6928815162912754949,3900.0,474.1,2.8,13.2000,checked,
ESPN,1,https://www.tiktok.com/@espn/video/6793796947703631110,24700.0,3400.0,5.8,11.7000,checked,
CBS,1,https://www.tiktok.com/@cbs/video/6945938132131007749,70.6,3.5,0.0,0.0390,checked,
ESPN,3,https://www.tiktok.com/@espn/video/6945877576577535237,9100.0,1700.0,8.8,2.1050,checked,
ESPN,2,https://www.tiktok.com/@espn/video/6946743855584791813,13100.0,1300.0,6.6,16.8000,checked,
HBO,1,https://www.tiktok.com/@hbo/video/6876511906971012357,3900.0,114.8,1.0,0.6600,checked,
HBO,2,https://www.tiktok.com/@hbo/video/6877928319338155270,1700.0,305.7,1.1,6.7150,checked,
HBO,3,https://www.tiktok.com/@hbo/video/6893171954967137542,1400.0,266.6,2.6,4.6400,checked,
BBC,1,https://www.tiktok.com/@bbc/video/6929057071635680518,3400.0,453.1,7.5,17.0000,checked,
BBC,2,https://www.tiktok.com/@bbc/video/6945839688498351366,3200.0,78.2,0.7,0.2550,checked,
BBC,3,https://www.tiktok.com/@bbc/video/6945818582932540678,3100.0,656.8,15.3,6.9350,checked,
Starbucks,1,https://www.tiktok.com/@starbucks/video/6899106767947533574,11600.0,2700.0,16.6,16.1000,checked,
Starbucks,2,https://www.tiktok.com/@starbucks/video/6896855107485388038,1400.0,326.5,7.5,1.3260,checked,
Starbucks,3,https://www.tiktok.com/@starbucks/video/6892038549978320134,834.6,187.1,3.2,1.3780,checked,
McDonald's,1,https://www.tiktok.com/@mcdonalds/video/6896885317127736581,24100.0,373.7,5.4,5.9080,checked,
McDonald's,2,https://www.tiktok.com/@mcdonalds/video/6880179128792845573,12800.0,412.7,9.8,1.3150,checked,
McDonald's,3,https://www.tiktok.com/@mcdonalds/video/6904686187131178245,9000.0,195.9,4.5,2.1280,checked,
KFC,1,https://www.tiktok.com/@kentuckyfriedchicken/video/6935975557481909509,83400.0,1100.0,27.8,55.0000,checked,
KFC,2,https://www.tiktok.com/@kentuckyfriedchicken/video/6938496008896662789,68600.0,438.4,8.3,5.4070,checked,
KFC,3,https://www.tiktok.com/@kentuckyfriedchicken/video/6926943664820227334,779.0,88.3,2.4,2.8700,checked,
Subway,1,https://www.tiktok.com/@subway/video/6917645949015837957,12200.0,379.0,1.2,1.2110,checked,
Subway,2,https://www.tiktok.com/@subway/video/6846048885190823173,7300.0,188.5,3.4,2.1170,checked,
Subway,3,https://www.tiktok.com/@subway/video/6846047237097770246,6900.0,177.7,3.3,2.4200,checked,
Domino's Pizza,1,https://www.tiktok.com/@dominos/video/6938934293037190405,2400.0,239.6,4.1,1.7100,checked,
Tim Hortons ,1,https://www.tiktok.com/@timhortons/video/6895444040632798465,27.9,2.0,0.2,0.0090,checked,
Tim Hortons ,2,https://www.tiktok.com/@timhortons/video/6907776520044039430,19.6,3.0,0.2,0.0460,checked,
Tim Hortons ,3,https://www.tiktok.com/@timhortons/video/6926343860398443782,18.0,2.6,0.1,0.0120,checked,
Pizza Hut,1,https://www.tiktok.com/@pizzahut/video/6907646149507730693,64400.0,462.4,7.8,2.1030,checked,
Pizza Hut,2,https://www.tiktok.com/@pizzahut/video/6916602263486156037,4500.0,115.3,3.4,1.3450,checked,
Pizza Hut,3,https://www.tiktok.com/@pizzahut/video/6916597938424663302,4500.0,73.3,2.3,0.2510,checked,
Purina,1,https://www.tiktok.com/@purinadeutschland/video/6895781095007063297,8000.0,77.7,0.7,0.7990,checked,
Purina,3,https://www.tiktok.com/@purinadeutschland/video/6896141678910901505,23.5,1.2,0.0,0.0290,checked,
Purina,2,https://www.tiktok.com/@purinadeutschland/video/6895780123404979457,8000.0,86.7,0.8,0.9470,checked,
Dunkin',1,https://www.tiktok.com/@dunkin/video/6870189248331468037,4300.0,1000.0,7.2,4.1800,checked,
Dunkin',2,https://www.tiktok.com/@dunkin/video/6896557498350832901,4100.0,823.1,12.7,3.5850,checked,
Dunkin',3,https://www.tiktok.com/@dunkin/video/6870951409785769221,3600.0,711.1,8.2,2.2220,checked,
Lay's,1,https://www.tiktok.com/@laysphilippines/video/6907052176514862337,29900.0,478.2,1.2,1.7850,checked,
Pall Mall,1,https://www.tiktok.com/@officialpallmall/video/6912912898020986118,4800.0,320.4,1.5,1.0940,checked,
NIVEA,2,https://www.tiktok.com/@nivea_vietnam/video/6859359856969665793,2400.0,41.0,0.0,0.2270,checked,
NIVEA,1,https://www.tiktok.com/@nivea_vietnam/video/6859345516073962754,4400.0,37.0,0.0,0.2510,checked,
NIVEA,3,https://www.tiktok.com/@nivea_vietnam/video/6859348317273427201,1900.0,21.4,0.0,0.1490,checked,
Heineken,2,https://www.tiktok.com/@heineke_italia/video/6941792430035455238,43.7,0.7,0.0,0.1520,checked,
Heineken,1,https://www.tiktok.com/@heineke_italia/video/6910695687822871809,60.6,2.2,0.1,0.4250,checked,
CLINIQUE,1,https://www.tiktok.com/@clinique/video/6941049224134003973,4900.0,18.5,0.3,0.1820,checked,
Pantene,1,https://www.tiktok.com/@pantenebrasil/video/6891015383755656453,353.1,25.4,0.0,0.2500,checked,
SHISEIDO,1,https://www.tiktok.com/@shiseido_usa/video/6945930108561575173,30.1,0.3,0.0,0.0060,checked,
SHISEIDO,2,https://www.tiktok.com/@shiseido_usa/video/6942602573727763718,18.3,0.3,0.0,0.0050,checked,
Pantene,3,https://www.tiktok.com/@pantenebrasil/video/6890960118226111749,219.0,35.4,0.0,0.0980,checked,
Pantene,2,https://www.tiktok.com/@pantenebrasil/video/6890894625700138246,272.9,18.0,0.0,0.1050,checked,
Garnier,1,https://www.tiktok.com/@garnierusa/video/6937795440800828677,24800.0,100.6,0.7,0.2240,checked,
Garnier,2,https://www.tiktok.com/@garnierusa/video/6933234816900992262,23700.0,437.9,5.3,1.3730,checked,
Tide/Ariel,1,https://www.tiktok.com/@tide.egypt/video/6839089436353940742,8600.0,55.7,0.3,1.0620,checked,
United Airlines,1,https://www.tiktok.com/@united/video/6917699377750478086,965.5,281.9,2.1,4.1360,checked,
Tide/Ariel,2,https://www.tiktok.com/@tide.egypt/video/6839087434924313862,12.0,0.3,0.0,0.0050,checked,
United Airlines,2,https://www.tiktok.com/@united/video/6906962963723308294,647.3,32.1,0.5,0.1730,checked,
United Airlines,3,https://www.tiktok.com/@united/video/6902159344188673286,338.5,11.2,0.1,0.0760,checked,
China Southern,1,https://www.tiktok.com/@csairglobal/video/6716668290770554118,1900.0,325.9,0.6,5.5000,checked,
China Southern,2,https://www.tiktok.com/@csairglobal/video/6690324712897121542,1100.0,78.4,0.2,5.5930,checked,
China Southern,3,https://www.tiktok.com/@csairglobal/video/6695498532297657606,922.5,91.4,0.2,1.4540,checked,
China Eastern,1,https://www.tiktok.com/@ceairglobal/video/6912214185556446469,350.2,129.9,0.2,0.2590,checked,
Nescafé,1,https://www.tiktok.com/@nescafe.th/video/6798168181027491073,231.1,19.2,0.1,0.2470,checked,
Pepsi,1,https://www.tiktok.com/@pepsiglobal/video/6872404492873207042,1100.0,262.9,2.3,1.2400,checked,
Pepsi,2,https://www.tiktok.com/@pepsiglobal/video/6872352720800500993,599.7,148.4,1.1,0.7240,checked,
Pepsi,3,https://www.tiktok.com/@pepsiglobal/video/6872423508282985729,581.6,136.9,1.1,0.9490,checked,
Sprite,1,https://www.tiktok.com/@sprite_rus/video/6714240276379995397,300.8,15.4,0.1,0.1630,checked,
Gatorade,1,https://www.tiktok.com/@gatorade/video/6857173835800743173,200.0,26.7,0.1,0.0880,checked,
Gatorade,2,https://www.tiktok.com/@gatorade/video/6852381852548762885,38.6,7.7,0.3,0.0140,checked,
Gatorade,3,https://www.tiktok.com/@gatorade/video/6942866153567997190,24.7,2.4,0.1,0.0270,checked,
Red Bull,1,https://www.tiktok.com/@redbull/video/6930659477750435078,9900.0,976.7,3.5,42.3000,checked,
Red Bull,2,https://www.tiktok.com/@redbull/video/6762116012247682310,9500.0,1100.0,3.4,16.2000,checked,
Red Bull,3,https://www.tiktok.com/@redbull/video/6940275945165032710,9400.0,602.5,3.1,6.4760,checked,
Spikeball,2,https://www.tiktok.com/@spikeball/video/6823834313558215942,10000.0,890.1,1.7,25.4000,checked,
Spikeball,1,https://www.tiktok.com/@spikeball/video/6854176161358957830,35900.0,1900.0,5.3,57.4000,checked,
Spikeball,3,https://www.tiktok.com/@spikeball/video/6828659405161024773,7500.0,832.1,1.2,8.7570,checked,
Magdas Hotel,2,https://www.tiktok.com/@magdashotel/video/6928362065841212677,58.1,6.0,0.0,0.0600,checked,
Magdas Hotel,1,https://www.tiktok.com/@magdashotel/video/6928361030045207813,2000.0,543.3,1.4,3.7380,checked,
Magdas Hotel,3,https://www.tiktok.com/@magdashotel/video/6928361688689331461,48.5,4.2,0.0,0.0350,checked,
NBC Saturday Night Live,2,https://www.tiktok.com/@nbcsnl/video/6801704644750888198,16100.0,1900.0,12.4,140.4000,checked,
NBC Saturday Night Live,1,https://www.tiktok.com/@nbcsnl/video/6905659313587506438,31500.0,6000.0,103.2,373.9000,checked,
NBC Saturday Night Live,3,https://www.tiktok.com/@nbcsnl/video/6931620854514142470,9800.0,2600.0,23.9,82.9000,checked,
Washington Post,1,https://www.tiktok.com/@washingtonpost/video/6757038922347334918,4900.0,1100.0,2.0,17.3000,checked,
Washington Post,3,https://www.tiktok.com/@washingtonpost/video/6740334359678569734,3800.0,391.6,1.7,8.4500,checked,
Washington Post,2,https://www.tiktok.com/@washingtonpost/video/6753243327790927109,4000.0,493.3,1.1,9.7790,checked,
Gymshark,3,https://www.tiktok.com/@gymshark/video/6791859652125674758,16900.0,980.6,1.5,1.7090,checked,
Guess,1,https://www.tiktok.com/@guess/video/6656951070905863429,1000.0,82.2,0.4,0.7190,checked,
Guess,2,https://www.tiktok.com/@guess/video/6595631881792785670,535.2,40.6,0.4,0.5000,checked,
Guess,3,https://www.tiktok.com/@guess/video/6652907613577022726,63.1,3.8,0.1,0.1700,checked,
NBA 2K,1,https://www.tiktok.com/@nba2k/video/6842285664076107013,12400.0,1800.0,11.3,68.0000,checked,
NBA 2K,2,https://www.tiktok.com/@nba2k/video/6845284894889889030,5900.0,883.4,5.2,4.1130,checked,
NBA 2K,3,https://www.tiktok.com/@nba2k/video/6925855449250008326,5600.0,749.3,2.8,4.2980,checked,
Elf Cosmetics,1,https://www.tiktok.com/@elfcosmetics/video/6838984164092415238,46.1,4.3,0.0,0.0780,checked,
WWE,1,https://www.tiktok.com/@wwe/video/6810806104231087366,56600.0,4500.0,13.1,19.5000,checked,
WWE,2,https://www.tiktok.com/@wwe/video/6803804555147529477,38900.0,2900.0,6.7,4.2890,checked,
WWE,3,https://www.tiktok.com/@wwe/video/6783712395584916741,22500.0,3000.0,10.9,28.0000,checked,
Vessi,1,https://www.tiktok.com/@vessi/video/6829118338661092613,3800.0,814.4,2.4,3.0940,checked,
Vessi,3,https://www.tiktok.com/@vessi/video/6894080382300327169,279.1,5.2,0.0,0.0110,checked,
Vessi,2,https://www.tiktok.com/@vessi/video/6937423142025530629,517.2,63.9,0.3,0.5860,checked,
Calvin Klein,1,https://www.tiktok.com/@calvinklein/video/6936187384954391813,407.6,62.8,0.9,1.1000,checked,
Calvin Klein,2,https://www.tiktok.com/@calvinklein/video/6660621770090876166,72.5,3.6,0.0,0.2890,checked,
Calvin Klein,3,https://www.tiktok.com/@calvinklein/video/6917771002910903558,70.6,17.9,0.1,0.1120,checked,
Gushers,1,https://www.tiktok.com/@therealgushers/video/6785254575445118214,6800.0,330.1,1.2,1.7000,checked,
Gushers,2,https://www.tiktok.com/@therealgushers/video/6785276465282977030,5100.0,182.0,1.6,1.3000,checked,
Gushers,3,https://www.tiktok.com/@therealgushers/video/6733307785330707717,4800.0,422.7,1.1,4.7000,checked,
Crocs,1,https://www.tiktok.com/@crocs/video/6878821055679614213,4900.0,83.6,0.3,1.1000,checked,
Crocs,3,https://www.tiktok.com/@crocs/video/6878819889914629382,1700.0,210.9,0.9,0.4410,checked,
 Fortnite,2,https://www.tiktok.com/@fortnite/video/6831890155981425926,7000.0,816.1,32.2,8.0000,checked,
 Fortnite,1,https://www.tiktok.com/@fortnite/video/6793712052708838662,8200.0,834.2,21.0,31.5000,checked,
 Fortnite,3,https://www.tiktok.com/@fortnite/video/6913316988282621189,5900.0,732.9,31.7,15.3000,checked,
 NFL,1,https://www.tiktok.com/@nfl/video/6805283815276154118,40700.0,4900.0,25.0,95.7000,checked,
 NFL,3,https://www.tiktok.com/@nfl/video/6898849455718567173,20800.0,3800.0,12.9,88.0000,checked,
 NFL,2,https://www.tiktok.com/@nfl/video/6805785673216347398,21100.0,3500.0,6.5,38.7000,checked,
Nascar,1,https://www.tiktok.com/@nascar/video/6928501341450964229,14300.0,137.2,1.1,0.7920,checked,
Nascar,3,https://www.tiktok.com/@nascar/video/6928110987778198790,7100.0,119.5,0.7,0.7790,checked,
Nascar,2,https://www.tiktok.com/@nascar/video/6928537293464636678,7900.0,59.9,1.0,0.6800,checked,
Young Nails,2,https://www.tiktok.com/@youngnailsinc/video/6770354826065857798,24700.0,1700.0,2.2,8.1000,checked,
Young Nails,1,https://www.tiktok.com/@youngnailsinc/video/6807255665799744773,55300.0,2700.0,4.0,7.7000,checked,
Young Nails,3,https://www.tiktok.com/@youngnailsinc/video/6763826822439341317,23300.0,2100.0,4.8,10.7000,checked,
Boohoo,1,https://www.tiktok.com/@boohoo/video/6935431199812766981,3900.0,436.2,1.8,0.8360,checked,
Boohoo,2,https://www.tiktok.com/@boohoo/video/6827570972502002950,3600.0,271.3,0.9,7.2000,checked,
Boohoo,3,https://www.tiktok.com/@boohoo/video/6855659719013534981,3100.0,315.7,1.6,5.4000,checked,
 United Nations IFAD,1,https://www.tiktok.com/@ifad/video/6680887066772901126,1200.0,82.7,1.0,1.9000,checked,
 United Nations IFAD,3,https://www.tiktok.com/@ifad/video/6680582438193728774,10.1,1.0,0.0,0.0190,checked,
 United Nations IFAD,2,https://www.tiktok.com/@ifad/video/6738679963693763846,38.7,1.0,0.0,0.0230,checked,
Kaja Beauty,1,https://analisa.io/profile-tiktok/kajabeauty/video/6846092478366469381,19400.0,3300.0,10.3,15.7000,checked,
Kaja Beauty,2,https://www.tiktok.com/@kajabeauty/video/6846092478366469381,7500.0,1400.0,3.1,4.8000,checked,
Kaja Beauty,3,https://www.tiktok.com/@kajabeauty/video/6895502138944998661,5300.0,906.7,2.1,2.6000,checked,
Aldrich Landscape,1,https://www.tiktok.com/@aldrichlandscape/video/6868589417318075653,20900.0,3100.0,12.6,27.6000,checked,
Aldrich Landscape,2,https://www.tiktok.com/@aldrichlandscape/video/6868041726980803846,18600.0,1800.0,16.3,56.5000,checked,
Aldrich Landscape,3,https://www.tiktok.com/@aldrichlandscape/video/6841364877974588678,3600.0,369.7,2.8,15.9000,checked,
We’re Not Really Strangers,2,https://www.tiktok.com/@werenotreallystrangers/video/6924346898392435973,11400.0,3000.0,24.4,94.3000,checked,
We’re Not Really Strangers,1,https://www.tiktok.com/@werenotreallystrangers/video/6921011265267666181,11600.0,3400.0,21.7,18.6000,checked,
We’re Not Really Strangers,3,https://www.tiktok.com/@werenotreallystrangers/video/6934904907115891973,10500.0,1400.0,4.3,35.0000,checked,
Starface,1,https://www.tiktok.com/@starface/video/6893609711573208326,902.9,172.8,0.5,0.1280,checked,
Starface,2,https://www.tiktok.com/@starface/video/6842811793434348805,310.7,89.8,0.3,0.0770,checked,
Starface,3,https://www.tiktok.com/@starface/video/6938104901138533638,219.4,31.9,0.2,0.1140,checked,
Fenty Beauty,1,https://www.tiktok.com/@fentybeauty/video/6904677920145542406,2900.0,406.5,2.5,2.3560,checked,
Fenty Beauty,2,https://www.tiktok.com/@fentybeauty/video/6789783176563739909,122.7,21.4,0.1,0.0930,checked,
Fenty Beauty,3,https://www.tiktok.com/@fentybeauty/video/6948502807758540038,91.4,5.5,0.4,0.0210,checked,
Aerie,1,https://www.tiktok.com/@aerie/video/6948801703160384773,14100.0,1.7,0.0,0.0040,checked,
High Snobiety,1,https://www.tiktok.com/@highsnobiety/video/6801670446275104005,2300.0,294.2,3.7,3.9050,checked,
High Snobiety,3,https://www.tiktok.com/@highsnobiety/video/6801083893102546181,742.6,19.2,0.1,0.1000,checked,
High Snobiety,2,https://www.tiktok.com/@highsnobiety/video/6807893841950067974,763.6,82.0,0.4,1.0950,checked,
sosatisfying,1,https://www.tiktok.com/@sosatisfying/video/6828726014307257606,76100.0,3600.0,13.1,97.7000,checked,
sosatisfying,2,https://www.tiktok.com/@sosatisfying/video/6798584761209195782,28100.0,3100.0,14.9,17.9000,checked,
sosatisfying,3,https://www.tiktok.com/@sosatisfying/video/6803057379157101830,19100.0,3400.0,9.5,24.5000,checked,
Lush,1,https://www.tiktok.com/@lush/video/6806347119125892357,715.3,110.7,0.4,0.3970,checked,
Lush,2,https://www.tiktok.com/@lush/video/6831163142366678278,563.5,138.4,0.6,0.3600,checked,
Lush,3,https://www.tiktok.com/@lush/video/6814484242756603141,457.8,90.5,0.3,0.3930,checked,
ASOS,1,https://www.tiktok.com/@asos/video/6932929237812858117,68000.0,278.3,4.6,2.2140,checked,
ASOS,2,https://www.tiktok.com/@asos/video/6925819839592385798,67500.0,196.8,4.4,1.8250,checked,
Teen Vogue,1,https://www.tiktok.com/@teenvogue/video/6789315115490479366,1700.0,137.3,0.6,2.3400,checked,
Teen Vogue,2,https://www.tiktok.com/@teenvogue/video/6787114967364668677,1600.0,247.8,1.3,7.5230,checked,
Teen Vogue,3,https://www.tiktok.com/@teenvogue/video/6790757610065890566,725.7,113.5,0.9,10.2000,checked,
Safeguard,2,https://www.tiktok.com/@safeguardsoap/video/6839852187317832965,22.0,2.2,0.0,0.0050,checked,
Safeguard,1,https://www.tiktok.com/@safeguardsoap/video/6838760415795645701,25.4,3.4,0.0,0.0090,checked,
Safeguard,3,https://www.tiktok.com/@safeguardsoap/video/6839853040569240837,20.4,2.0,0.0,0.0040,checked,
NYX Professional Makeup,1,https://www.tiktok.com/@nyxcosmetics/video/6941602419595857158,12700.0,353.5,2.3,1.7920,checked,
NYX Professional Makeup,2,https://www.tiktok.com/@nyxcosmetics/video/6860144823060548869,797.8,191.4,0.3,0.4150,checked,
NYX Professional Makeup,3,https://www.tiktok.com/@nyxcosmetics/video/6868386186914794757,744.7,164.2,1.0,3.4600,checked,
Aldo,1,https://www.tiktok.com/@aldo_shoes/video/6912909962834349318,229.7,11.7,0.0,0.0690,checked,
Aldo,2,https://www.tiktok.com/@aldo_shoes/video/6849055348871924998,218.5,3.6,0.3,0.5700,checked,
hulu,1,https://www.tiktok.com/@hulu/video/6943022879965531397,12400.0,49.7,0.0,0.3830,checked,
Aldo,3,https://www.tiktok.com/@aldo_shoes/video/6888046051714927873,29.6,0.3,0.0,0.0020,checked,
hulu,2,https://www.tiktok.com/@hulu/video/6925934870644542725,4900.0,21.2,0.3,0.1600,checked,
hulu,3,https://www.tiktok.com/@hulu/video/6925935534871219461,3500.0,81.1,0.2,0.1360,checked,
Cheetos,1,https://www.tiktok.com/@cheetos/video/6925910681799740677,5300.0,94.9,1.0,2.1030,checked,
Cheetos,2,https://www.tiktok.com/@cheetos/video/6925901839128874246,2500.0,35.4,0.8,0.2930,checked,
Cheetos,3,https://www.tiktok.com/@cheetos/video/6925902924291771653,2200.0,27.3,0.4,0.1590,checked,
90dayfiance,1,https://www.tiktok.com/@90dayofficial/video/6932952574589013254,20000.0,226.6,1.6,8.0720,checked,
90dayfiance,2,https://www.tiktok.com/@90dayofficial/video/6947717588054985989,945.4,91.3,2.3,3.3860,checked,
90dayfiance,3,https://www.tiktok.com/@90dayofficial/video/6944097213517794566,939.8,70.7,0.3,0.5360,checked,
Colts Mascot,2,https://www.tiktok.com/@blue/video/6792983758279625990,31200.0,2700.0,7.8,25.4000,checked,
Colts Mascot,1,https://www.tiktok.com/@blue/video/6797517710206029061,95800.0,5200.0,15.5,67.3000,checked,
Colts Mascot,3,https://www.tiktok.com/@blue/video/6906235229611035909,25000.0,3000.0,21.2,415.0000,checked,
girls,1,https://www.tiktok.com/@girls/video/6903922483754224898,21200.0,1400.0,2.8,14.4000,checked,
girls,2,https://www.tiktok.com/@girls/video/6820522294469741830,14700.0,4300.0,72.4,99.1000,checked,
girls,3,https://www.tiktok.com/@girls/video/6832734200739761413,10600.0,3500.0,28.3,66.2000,checked,
It Gets Better,1,https://www.tiktok.com/@itgetsbetter/video/6840944956308278534,3900.0,344.1,14.3,8428.0000,checked,
It Gets Better,2,https://www.tiktok.com/@itgetsbetter/video/6837658380874550533,1100.0,111.8,0.4,1.4550,checked,
It Gets Better,3,https://www.tiktok.com/@itgetsbetter/video/6827136210469735686,1000.0,74.6,1.5,0.8080,checked,
5-Minute Crafts,2,https://www.tiktok.com/@5.minute.crafts/video/6759077644404378885,51400.0,5200.0,13.5,65.5000,checked,
5-Minute Crafts,1,https://www.tiktok.com/@5.minute.crafts/video/6816267627590061318,104100.0,2800.0,2.5,13.2000,checked,
5-Minute Crafts,3,https://www.tiktok.com/@5.minute.crafts/video/6837479929395956998,36300.0,809.4,1.0,6.8020,checked,
San Diego Zoo,1,https://www.tiktok.com/@sandiegozoo/video/6807939587739110661,48500.0,7800.0,44.6,182.1000,checked,
San Diego Zoo,2,https://www.tiktok.com/@sandiegozoo/video/6819753891236728069,30000.0,1600.0,4.8,19.2000,checked,
San Diego Zoo,3,https://www.tiktok.com/@sandiegozoo/video/6802701741012864262,11500.0,2500.0,12.9,98.0000,checked,
hbomax,2,https://www.tiktok.com/@hbomax/video/6873242594416053509,8500.0,1900.0,37.2,32.9000,checked,
hbomax,1,https://www.tiktok.com/@hbomax/video/6873516317769485573,9500.0,1500.0,11.2,36.3000,checked,
hbomax,3,https://www.tiktok.com/@hbomax/video/6865718531116322054,4800.0,1200.0,37.2,41.0000,checked,
PUMA,1,https://www.tiktok.com/@puma/video/6907262163644206341,4500.0,551.8,4.9,21.1000,checked,
PUMA,2,https://www.tiktok.com/@puma/video/6863466129625484549,3700.0,330.6,1.3,0.4830,checked,
PUMA,3,https://www.tiktok.com/@puma/video/6886096195878407430,3000.0,141.5,0.4,0.6180,checked,
pounce cat cafe,2,https://www.tiktok.com/@pouncecatcafe/video/6844995692436425989,753.3,317.8,1.5,2.8720,checked,
pounce cat cafe,1,https://www.tiktok.com/@pouncecatcafe/video/6848383332854664453,842.3,224.3,2.2,1.1840,checked,
pounce cat cafe,3,https://www.tiktok.com/@pouncecatcafe/video/6893231838211443973,695.8,199.6,2.1,0.1726,checked,
Donnie,1,https://www.tiktok.com/@designs.by.donnie/video/6802708630085946630,52300.0,2900.0,2.2,7.0790,checked,
Donnie,2,https://www.tiktok.com/@designs.by.donnie/video/6943308761075436806,779.5,66.8,1.7,2.7430,checked,
Donnie,3,https://www.tiktok.com/@designs.by.donnie/video/6912482698426617093,572.4,26.5,0.1,0.3230,checked,
Long Island Real Estate,1,https://www.tiktok.com/@luckytolivehere/video/6846926674227956998,1100.0,24.5,0.3,3.3040,checked,
Long Island Real Estate,2,https://www.tiktok.com/@luckytolivehere/video/6854294366840802565,848.7,59.1,0.4,6.9380,checked,
Long Island Real Estate,3,https://www.tiktok.com/@luckytolivehere/video/6946266623363845382,784.2,64.5,0.4,0.4120,checked,
Queen City Alchemy,1,https://www.tiktok.com/@queencityalchemy/video/6811259789478300934,1100.0,291.3,291.3,23.2000,checked,
Queen City Alchemy,2,https://www.tiktok.com/@queencityalchemy/video/6850901606842584325,279.3,35.9,0.2,3.0000,checked,
Queen City Alchemy,3,https://www.tiktok.com/@queencityalchemy/video/6815679135915003141,123.3,17.9,0.1,1.4270,checked,
fayarklawnco,1,https://www.tiktok.com/@fayarklawnco/video/6848216446523297030,2700.0,276.9,2.7,6.1290,checked,
fayarklawnco,2,https://www.tiktok.com/@fayarklawnco/video/6815898466133331206,1900.0,75.1,231.0,676.0000,checked,
fayarklawnco,3,https://www.tiktok.com/@fayarklawnco/video/6860433332166085894,1800.0,20.3,0.6,0.3910,checked,
Ryanair,1,https://www.tiktok.com/@ryanair/video/6915410373856496902,5200.0,1200.0,31.2,20.5000,checked,
Ryanair,2,https://www.tiktok.com/@ryanair/video/6927659622400544005,4900.0,998.3,19.4,13.2000,checked,
Yahoo News,1,https://www.tiktok.com/@yahoonews/video/6886201464390176005,12600.0,2300.0,28.5,93.3000,checked,
Yahoo News,2,https://www.tiktok.com/@yahoonews/video/6920039874468826373,12500.0,3000.0,92.3,52.9000,checked,
Yahoo News,3,https://www.tiktok.com/@yahoonews/video/6890944452429499653,9600.0,1500.0,28.9,37.3000,checked,
MTV,1,https://www.tiktok.com/@mtv/video/6770116186039487750,51300.0,3300.0,23.1,143.7000,checked,
MTV,2,https://www.tiktok.com/@mtv/video/6865018200422141190,42000.0,2000.0,25.4,8138.0000,checked,
MTV,3,https://www.tiktok.com/@mtv/video/6788977923849211142,10900.0,2000.0,5.3,12.6000,checked,
Steak-umm,1,https://www.tiktok.com/@steakumm/video/6798586447633878277,2500.0,360.5,3.6,914.0000,checked,
Steak-umm,2,https://www.tiktok.com/@steakumm/video/6942852957532671237,617.2,85.7,1.9,1.2970,checked,
Steak-umm,3,https://www.tiktok.com/@steakumm/video/6799707778232487173,570.5,86.7,0.7,0.3150,checked,
Turner Classic Movies (TCM),1,https://www.tiktok.com/@tcm/video/6946322551362669830,2500.0,797.9,2.9,4.9260,checked,
Turner Classic Movies (TCM),2,https://www.tiktok.com/@tcm/video/6897332586473950469,1800.0,290.3,2.9,5.6740,checked,
Turner Classic Movies (TCM),3,https://www.tiktok.com/@tcm/video/6902163308103716102,649.4,82.2,0.6,12.2000,checked,
World Health Organization,2,https://www.tiktok.com/@who/video/6832233774097517830,54600.0,522.3,5.7,12.3000,checked,
World Health Organization,1,https://www.tiktok.com/@who/video/6826976953367645445,146100.0,2000.0,2.5,6.5310,checked,
World Health Organization,3,https://www.tiktok.com/@who/video/6799006326920940806,42300.0,1100.0,5.0,34.0000,checked,
Chipotle,1,https://www.tiktok.com/@chipotle/video/6858381480058440965,13400.0,3500.0,28.7,64.7000,checked,
Chipotle,2,https://www.tiktok.com/@chipotle/video/6931062444877974790,9900.0,2000.0,25.0,99.1000,checked,
Chipotle,3,https://www.tiktok.com/@chipotle/video/6850594751020944646,9300.0,2400.0,10.6,43.4000,checked,
Mountain Dew,1,https://www.tiktok.com/@mountaindew/video/6931018191598570758,36700.0,327.7,0.4,1.8320,checked,
Mountain Dew,2,https://www.tiktok.com/@mountaindew/video/6926684072580222213,20600.0,526.0,8.1,5.5430,checked,
Mountain Dew,3,https://www.tiktok.com/@mountaindew/video/6925493164677680389,79.4,4.9,0.3,0.0500,checked,
Mercedes-Benz,4,https://www.tiktok.com/@mercedesbenz/video/6865234977521552646,3300.0,199.3,2.6,6.6050,checked,
Mercedes-Benz,5,https://www.tiktok.com/@mercedesbenz/video/6864491021988924677,3300.0,149.0,0.0,3.7870,checked,
Walmart,4,https://www.tiktok.com/@walmart/video/6938070998956723462,3800.0,99.5,0.7,0.2360,checked,
Walmart,5,https://www.tiktok.com/@walmart/video/6739664546182581509,2900.0,559.2,3.6,11.7000,checked,
Target,4,https://www.tiktok.com/@target/video/6928433420783734021,322.4,17.7,0.6,0.2050,checked,
Target,5,https://www.tiktok.com/@target/video/6933327365544103174,281.6,49.8,1.2,0.1380,checked,
Nike,4,https://www.tiktok.com/@nike/video/6793113471920770309,3900.0,149.1,0.3,0.6620,checked,
Nike,5,https://www.tiktok.com/@nike/video/6792724034258750726,2500.0,274.2,0.8,2.2960,checked,
Louis Vuitton,4,https://www.tiktok.com/@louisvuitton/video/6922055170134232322,4200.0,147.7,1.0,0.4570,checked,
Louis Vuitton,5,https://www.tiktok.com/@louisvuitton/video/6938818023369215238,2500.0,33.5,0.4,0.0780,checked,
Gucci ,4,https://www.tiktok.com/@gucci/video/6903437837916523778,11300.0,346.5,11.7,7.0030,checked,
Gucci ,5,https://www.tiktok.com/@gucci/video/6903809411899264257,9200.0,204.4,5.7,2.5010,checked,
Victoria's Secret,4,https://www.tiktok.com/@victoriassecret/video/6942900154894732550,64.0,2.0,0.0,0.0080,checked,
Victoria's Secret,5,https://www.tiktok.com/@victoriassecret/video/6942911214720765190,62.8,1.9,0.1,0.0110,checked,
Prada,4,https://www.tiktok.com/@prada/video/6920247994508004609,8800.0,137.2,0.1,0.5350,checked,
Prada,5,https://www.tiktok.com/@prada/video/6934002003286805766,7600.0,83.3,0.1,0.9630,checked,
Polo Ralph Lauren,4,https://www.tiktok.com/@ralphlauren/video/6789671191754951941,326.8,23.3,0.1,0.1230,checked,
Polo Ralph Lauren,5,https://www.tiktok.com/@ralphlauren/video/6789666648426089734,317.1,35.1,0.1,0.3000,checked,
Samsung,1,https://www.tiktok.com/@samsung/video/6779921488184118530,253600.0,3200.0,11.4,86.1000,,Video is private
Samsung,2,https://www.tiktok.com/@samsung/video/6779922302445391105,11300.0,1500.0,18.7,59.0000,,Video is private
Samsung,5,https://www.tiktok.com/@samsung/video/6913847461534518529,441.9,13.7,0.9,0.1170,checked,
Samsung,4,https://www.tiktok.com/@samsung/video/6782012150698298625,1300.0,177.1,5.5,5.8000,checked,
Microsoft,5,https://www.tiktok.com/@microsoft365/video/6943298564038610182,2.4,0.3,0.1,0.0050,checked,
Microsoft,4,https://www.tiktok.com/@microsoft365/video/6940337944968318214,3.4,0.3,0.1,0.0100,checked,
Huawei,4,https://www.tiktok.com/@huawei/video/6755622636123933958,129.3,6.5,0.2,0.2740,checked,
Huawei,5,https://www.tiktok.com/@huawei/video/6764547131186433285,118.9,3.2,0.4,0.2080,checked,
Midea Group,4,https://www.tiktok.com/@mideagroup/video/6944970425310940418,0.5,0.0,0.0,0.0000,checked,
Midea Group,5,https://www.tiktok.com/@mideagroup/video/6944970029565857026,0.5,0.0,0.0,0.0000,checked,
Volkswagen,4,https://www.tiktok.com/@volkswagenmx/video/6938835164411874565,116.5,6.7,0.0,0.0420,checked,
Volkswagen,5,https://www.tiktok.com/@volkswagenmx/video/6917311773678849286,96.6,3.3,0.1,0.0340,checked,
Porsche,5,https://www.tiktok.com/@porsche/video/6915667681257573638,68.1,12.6,0.3,0.0570,checked,
Porsche,4,https://www.tiktok.com/@porsche/video/6901974385289170177,95.7,11.6,0.1,0.0170,checked,
Home Depot,5,https://www.tiktok.com/@official.homedepot/video/6834746720925125893,4.8,0.9,0.1,0.0170,checked,
Home Depot,4,https://www.tiktok.com/@official.homedepot/video/6835095907705326854,4.8,1.1,0.0,0.0180,checked,
Walgreens,5,https://www.tiktok.com/@walgreens/video/6904303567838956806,4.0,0.2,0.0,0.0090,checked,
Walgreens,4,https://www.tiktok.com/@walgreens/video/6905050458969115910,5.7,0.2,0.1,0.0300,checked,
Sam's Club,4,https://www.tiktok.com/@samsclub/video/6852778144701746438,384.1,3.8,0.1,0.0640,checked,
Sam's Club,5,https://www.tiktok.com/@samsclub/video/6821985299455839493,306.5,63.2,1.0,0.3640,checked,
H&M,4,https://www.tiktok.com/@hmoffical/video/6842725885997485317,1.1,0.0,0.0,0.0030,checked,
H&M,5,https://www.tiktok.com/@hmoffical/video/6842725220785163526,1.0,0.0,0.0,0.0040,checked,
The North Face,4,https://www.tiktok.com/@thenorthfaceofficial/video/6904334603604020485,63.4,7.5,0.1,0.0840,checked,
The North Face,5,https://www.tiktok.com/@thenorthfaceofficial/video/6917672710898208005,51.8,9.5,0.1,0.1230,checked,
Honda,5,https://www.tiktok.com/@honda/video/6843066754759953670,25.5,1.2,0.1,0.0200,checked,
Honda,4,https://www.tiktok.com/@honda/video/6896294187562454277,33.1,3.5,0.5,0.3190,checked,
Hyundai Group,4,https://www.tiktok.com/@hmsgofficial/video/6937529582669040901,201.2,5.6,0.1,0.0790,checked,
Hyundai Group,5,https://www.tiktok.com/@hmsgofficial/video/6937529582669040901,176.4,5.6,0.1,0.0790,,Same video content as the video ranked 4th
Land Rover,4,https://www.tiktok.com/@landrovermotors/video/6941271596002839813,0.1,0.0,0.0,0.0000,checked,
Land Rover,5,https://www.tiktok.com/@landrovermotors/video/6948441869948931333,0.0,0.0,0.0,0.0020,checked,
buickusa,4,https://www.tiktok.com/@buickusa/video/6942515201405209862,2.5,0.1,0.1,0.0230,,Same video content as the video ranked 5th
Kroger,4,https://www.tiktok.com/@kroger/video/6946554585255283974,0.6,0.1,0.0,0.0050,checked,
Kroger,5,https://www.tiktok.com/@kroger/video/6946297358959316230,0.6,0.1,0.0,0.0040,checked,
Kohl's,5,https://www.tiktok.com/@kohls/video/6943949285557816581,0.6,0.0,0.0,0.0040,checked,
Kohl's,4,https://www.tiktok.com/@kohls/video/6943207732094733574,0.6,0.0,0.0,0.0020,checked,
Safeway,4,https://www.tiktok.com/@safeway.official/video/6834671566832405765,0.5,0.0,0.0,0.0010,checked,
Safeway,5,https://www.tiktok.com/@safeway.official/video/6834696398634519814,0.5,0.0,0.0,0.0030,checked,
Netflix,5,https://www.tiktok.com/@netflix/video/6877849518336003334,11800.0,2100.0,39.3,40.1000,checked,
Netflix,4,https://www.tiktok.com/@netflix/video/6945155009050922245,13200.0,353.1,4.2,1.1790,checked,
Philips ,5,https://www.tiktok.com/@philipsnorelco/video/6890650806899559686,1.5,0.1,0.0,0.0020,checked,
Philips ,4,https://www.tiktok.com/@philipsnorelco/video/6884308573426371846,3.4,0.2,0.0,0.0030,checked,
Xiaomi,5,https://www.tiktok.com/@xiaomi.official/video/6860111801519017222,4700.0,135.1,1.1,1.1530,checked,
Haier,5,https://www.tiktok.com/@haier_group/video/6694148451292269826,1100.0,21.0,0.0,0.0240,checked,
Playstation,5,https://www.tiktok.com/@playstation/video/6941435085417729285,225.1,32.4,0.8,0.0830,checked,
Haier,4,https://www.tiktok.com/@haier_group/video/6695285915646037250,1100.0,19.9,0.0,0.0180,checked,
Playstation,4,https://www.tiktok.com/@playstation/video/6895780836692593926,307.0,33.4,1.5,0.0940,checked,
Xiaomi,4,https://www.tiktok.com/@xiaomi.official/video/6909773019216923905,5800.0,57.7,0.5,0.1900,,Video is private
Lenovo,5,https://www.tiktok.com/@lenovo/video/6933793780055264518,3000.0,564.9,1.8,1.3010,checked,
Lenovo,4,https://www.tiktok.com/@lenovo/video/6937370834273045765,3700.0,868.4,3.3,1.2720,checked,
Lidl,4,https://www.tiktok.com/@lidlde/video/6873710761118682369,1400.0,48.1,1.7,1.4230,checked,
Lidl,5,https://www.tiktok.com/@lidlde/video/6788066296215964933,608.1,37.5,0.2,0.3830,checked,
iQiyi,4,https://www.tiktok.com/@iqiyiofficial/video/6942043386337692930,1800.0,340.4,5.1,2.4770,checked,
iQiyi,5,https://www.tiktok.com/@iqiyiofficial/video/6938027431597001985,1400.0,184.5,6.0,3.7880,checked,
TikTok,4,https://www.tiktok.com/@tiktok/video/6880971899023674629,111400.0,579.1,20.4,6.4550,checked,
TikTok,5,https://www.tiktok.com/@tiktok/video/6854288548724624646,106700.0,1900.0,32.0,33.6000,checked,
Xbox,4,https://www.tiktok.com/@xbox/video/6924845306702023942,7200.0,1100.0,30.8,9.5950,checked,
Xbox,5,https://www.tiktok.com/@xbox/video/6901041087138303238,6600.0,634.9,11.3,4.8300,checked,
NBA,4,https://www.tiktok.com/@nba/video/6793728999076957446,31500.0,3700.0,10.5,19.6000,,Video currently unavailble
NBA,5,https://www.tiktok.com/@nba/video/6793724550782733574,21000.0,2900.0,6.2,31.2000,,Video currently unavailble
Flighthouse,4,https://www.tiktok.com/@flighthouse/video/6859062873084235013,10200.0,2600.0,3.7,3.7160,checked,
Flighthouse,5,https://www.tiktok.com/@flighthouse/video/6858305995794435334,9400.0,1600.0,2.4,2.6850,checked,
Nickelodeon,4,https://www.tiktok.com/@nickelodeon/video/6641587976629390598,15600.0,1800.0,11.6,31.5000,checked,
Nickelodeon,5,https://www.tiktok.com/@nickelodeon/video/6826836683430939909,15400.0,3700.0,20.4,46.6000,checked,
Disney,4,https://www.tiktok.com/@disney/video/6941427557657038085,79.7,18.3,0.6,0.0270,checked,
Disney,5,https://www.tiktok.com/@disney/video/6939162491599490309,73.5,12.3,0.2,0.0450,checked,
Fox,4,https://www.tiktok.com/@foxtv/video/6902465614099598598,400.6,32.1,0.1,0.1790,checked,
Fox,5,https://www.tiktok.com/@foxtv/video/6906921773875416325,259.0,18.3,0.1,0.0400,checked,
Universal,4,https://www.tiktok.com/@universalmusic/video/6909238972308868357,19.9,3.9,0.0,0.0220,checked,
Universal,5,https://www.tiktok.com/@universalmusic/video/6901008992521293061,19.3,3.2,0.0,0.0220,checked,
NBC,4,https://www.tiktok.com/@nbc/video/6928125660422524166,414.6,42.6,0.3,0.9300,checked,
NBC,5,https://www.tiktok.com/@nbc/video/6920275012238707973,159.6,23.3,0.2,0.1510,checked,
Warner Bros.,5,https://www.tiktok.com/@warnerbrostv/video/6812664343813950725,1600.0,337.6,0.7,30.4000,checked,
Warner Bros.,4,https://www.tiktok.com/@warnerbrostv/video/6844307259539901702,1600.0,141.8,0.3,0.8440,checked,
Discovery,5,https://www.tiktok.com/@discovery/video/6921438520372415749,2300.0,168.1,0.9,2.1560,checked,
Discovery,4,https://www.tiktok.com/@discovery/video/6936923970902002950,3100.0,371.4,6.8,18.4000,checked,
ESPN,4,https://www.tiktok.com/@espn/video/6948260568721526022,5300.0,577.9,8.2,14.6000,checked,
ESPN,5,https://www.tiktok.com/@espn/video/6884985964385651974,4500.0,1800.0,1.8,3.7140,checked,
HBO,5,https://www.tiktok.com/@hbo/video/6867953551063158022,924.4,120.8,0.5,4.6890,checked,
HBO,4,https://www.tiktok.com/@hbo/video/6906868768715066629,940.0,175.6,0.6,1.5280,checked,
BBC,5,https://www.tiktok.com/@bbc/video/6945771850567863557,1800.0,174.4,0.6,1.5400,checked,
BBC,4,https://www.tiktok.com/@bbc/video/6919894024434355457,2300.0,337.0,4.0,13.7000,checked,
Starbucks,4,https://www.tiktok.com/@starbucks/video/6875292171264691462,356.4,74.4,8.8,0.2650,checked,
Starbucks,5,https://www.tiktok.com/@starbucks/video/6907240506544147718,289.1,69.8,0.9,0.0870,checked,
McDonald's,5,https://www.tiktok.com/@mcdonalds/video/6926555503405321478,743.1,94.4,5.3,1.1470,checked,
McDonald's,4,https://www.tiktok.com/@mcdonalds/video/6933651855859830021,2800.0,173.3,13.7,10.1000,checked,
KFC,4,https://www.tiktok.com/@kentuckyfriedchicken/video/6945215282776509702,678.9,11.3,0.2,0.1050,checked,
KFC,5,https://www.tiktok.com/@kentuckyfriedchicken/video/6936557703598836997,636.1,129.5,0.7,0.3150,checked,
Subway,4,https://www.tiktok.com/@subway/video/6881721807808908549,5900.0,963.6,4.8,1.5530,checked,
Subway,5,https://www.tiktok.com/@subway/video/6880996265337818373,5700.0,736.0,2.5,1.6000,checked,
Tim Hortons ,4,https://www.tiktok.com/@timhortons/video/6910596012407000326,18.0,2.3,0.2,0.0120,checked,
Tim Hortons ,5,https://www.tiktok.com/@timhortons/video/6938151787740286214,11.2,1.3,0.1,0.0090,checked,
Pizza Hut,4,https://www.tiktok.com/@pizzahut/video/6916601606238653702,4400.0,91.7,17.7,0.1520,checked,
Pizza Hut,5,https://www.tiktok.com/@pizzahut/video/6916553332467256581,4400.0,128.5,2.1,0.1620,checked,
Purina,4,https://www.tiktok.com/@purinadeutschland/video/6896144365794757889,21.6,1.3,0.0,0.0290,checked,
Purina,5,https://www.tiktok.com/@purinadeutschland/video/6896142952263879937,20.3,1.0,0.0,28.0000,checked,
Dunkin',4,https://www.tiktok.com/@dunkin/video/6868308072692043014,3100.0,590.9,8.1,7.9810,checked,
Dunkin',5,https://www.tiktok.com/@dunkin/video/6867939742932159749,2800.0,656.2,20.3,8.8200,checked,
NIVEA,4,https://www.tiktok.com/@nivea_vietnam/video/6859366092016585985,1800.0,49.1,0.0,0.2760,checked,
NIVEA,5,https://www.tiktok.com/@nivea_vietnam/video/6859320756577389825,1500.0,33.7,0.0,0.1720,checked,
Pantene,5,https://www.tiktok.com/@pantenebrasil/video/6892078244212804869,103.5,13.6,0.0,0.0150,checked,
Pantene,4,https://www.tiktok.com/@pantenebrasil/video/6902413612804099329,112.2,26.4,0.0,0.0480,checked,
United Airlines,4,https://www.tiktok.com/@united/video/6925547336311573765,195.3,23.5,0.2,0.1360,checked,
United Airlines,5,https://www.tiktok.com/@united/video/6909201856073960709,152.0,9.3,0.1,0.0300,checked,
China Southern,4,https://www.tiktok.com/@csairglobal/video/6686722973858008326,107.7,32.9,0.2,0.2770,,Video unavailable
China Southern,5,https://www.tiktok.com/@csairglobal/video/6799264852868222213,326.1,35.3,0.1,0.4320,checked,
Pepsi,4,https://www.tiktok.com/@pepsiglobal/video/6872381634520337666,562.5,134.2,1.1,1.0450,checked,
Pepsi,5,https://www.tiktok.com/@pepsiglobal/video/6932451060170673413,437.8,32.5,0.7,0.5720,checked,
Gatorade,5,https://www.tiktok.com/@gatorade/video/6858318788031483142,11.7,7.0,0.7,0.0180,checked,
Gatorade,4,https://www.tiktok.com/@gatorade/video/6852324041949318406,15.6,3.2,0.2,0.1000,checked,
Red Bull,4,https://www.tiktok.com/@redbull/video/6748853661897739525,7800.0,1100.0,5.2,12.7000,checked,
Red Bull,5,https://www.tiktok.com/@redbull/video/6863839519846763781,6000.0,274.7,0.5,1.9030,checked,
Spikeball,4,https://www.tiktok.com/@spikeball/video/6905846688963988741,4900.0,176.8,0.3,1.2010,checked,
Spikeball,5,https://www.tiktok.com/@spikeball/video/6890613588340378885,4600.0,304.1,0.3,1.0890,checked,
Magdas Hotel,4,https://www.tiktok.com/@magdashotel/video/6928362348285529350,48.0,6.1,0.1,0.0740,checked,
Magdas Hotel,5,https://www.tiktok.com/@magdashotel/video/6928361321520057605,44.7,4.3,0.0,0.0470,checked,
NBC Saturday Night Live,4,https://www.tiktok.com/@nbcsnl/video/6764013822345858310,9000.0,1300.0,3.3,56.0000,checked,
NBC Saturday Night Live,5,https://www.tiktok.com/@nbcsnl/video/6882222805308443909,7800.0,1400.0,10.3,32.6000,checked,
Washington Post,4,https://www.tiktok.com/@washingtonpost/video/6761799554196114694,3600.0,760.4,0.8,4.7490,checked,
Washington Post,5,https://www.tiktok.com/@washingtonpost/video/6877951432360774917,3400.0,785.0,8.0,21.2000,checked,
Gymshark,1,https://www.tiktok.com/@gymshark/video/6724659282731699462,20000.0,2100.0,8.6,44.1000,,Video is Private
Gymshark,2,https://www.tiktok.com/@gymshark/video/6827131417168858373,17400.0,879.2,2.7,0.9330,,Video is Private
Gymshark,4,https://www.tiktok.com/@gymshark/video/6860530744926702853,4900.0,678.9,1.7,3.1000,,Video is Private
Gymshark,5,https://www.tiktok.com/@gymshark/video/6678626093273976070,4500.0,569.1,2.2,6.5000,,Video is Private
Guess,4,https://www.tiktok.com/@guess/video/6652468535475834118,47.3,2.6,0.0,0.0360,,Video currently unavailable
Guess,5,https://www.tiktok.com/@guess/video/6604648471993519365,43.4,2.0,0.0,0.0190,checked,
NBA 2K,4,https://www.tiktok.com/@nba2k/video/6844141826111196422,5500.0,916.6,21.5,59.9000,checked,
NBA 2K,5,https://www.tiktok.com/@nba2k/video/6901017120868437253,5300.0,538.0,4.1,3.2050,checked,
WWE,4,https://www.tiktok.com/@wwe/video/6943699238094261510,14300.0,1300.0,7.1,5.6750,checked,
WWE,5,https://www.tiktok.com/@wwe/video/6943248035367357701,6700.0,777.4,12.0,26.2000,checked,
Vessi,4,https://www.tiktok.com/@vessi/video/6898539267010596098,264.2,15.7,144.0,128.0000,checked,
Vessi,5,https://www.tiktok.com/@vessi/video/6933653309832154373,261.0,3.8,42.0,36.0000,checked,
Calvin Klein,4,https://www.tiktok.com/@calvinklein/video/6660986966923808006,43.4,3.2,0.0,0.7060,checked,
Calvin Klein,5,https://www.tiktok.com/@calvinklein/video/6844524993846529285,43.0,2.2,0.1,0.0220,checked,
Gushers,4,https://www.tiktok.com/@therealgushers/video/6734643059767676165,4000.0,233.6,0.7,0.8350,checked,
Gushers,5,https://www.tiktok.com/@therealgushers/video/6745859038296165637,3900.0,233.6,0.5,1.3000,checked,
Crocs,2,https://www.tiktok.com/@crocs/video/6878821055679614213,1800.0,282.9,197.0,1.4000,,Same video content as the video ranked as 1st
Crocs,5,https://analisa.io/profile-tiktok/crocs/video/6743296415927127301,487.1,72.4,2.4,8.5000,checked,
Crocs,4,https://www.tiktok.com/@crocs/video/6743296415927127301,1200.0,309.4,1.7,1.4000,,Same video content as the video ranked as 5th
 Fortnite,4,https://www.tiktok.com/@fortnite/video/6772270534437768454,5900.0,601.4,8.1,18.4000,checked,
 Fortnite,5,https://www.tiktok.com/@fortnite/video/6790349703776079109,5800.0,520.6,10.3,12.6000,checked,
 NFL,4,https://www.tiktok.com/@nfl/video/6731144808057834758,16000.0,2800.0,20.6,109.8000,checked,
 NFL,5,https://www.tiktok.com/@nfl/video/6881032720135245062,15800.0,2500.0,6.7,79.6000,checked,
Nascar,4,https://www.tiktok.com/@nascar/video/6927736797892054278,5800.0,47.9,0.3,0.5850,checked,
Nascar,5,https://www.tiktok.com/@nascar/video/6927103785848392965,5600.0,733.1,3.9,8.8000,checked,
Young Nails,4,https://www.tiktok.com/@youngnailsinc/video/6768142862543637766,22200.0,2800.0,7.0,33.8000,checked,
Young Nails,5,https://www.tiktok.com/@youngnailsinc/video/6771166146671414533,19900.0,2400.0,3.9,11.9000,checked,
Boohoo,4,https://www.tiktok.com/@boohoo/video/6841274510587530502,2700.0,356.6,2.9,3.1000,checked,
Boohoo,5,https://www.tiktok.com/@boohoo/video/6931642337537969414,1500.0,44.2,0.1,0.0390,checked,
Kaja Beauty,4,https://www.tiktok.com/@kajabeauty/video/6841312235776789766,3700.0,483.3,1.6,2.4000,checked,
Kaja Beauty,5,https://www.tiktok.com/@kajabeauty/video/6924456241838279942,2900.0,576.3,1.1,1.5000,checked,
Aldrich Landscape,4,https://www.tiktok.com/@aldrichlandscape/video/6865447086633143558,2800.0,423.4,2.0,9.1000,,Video currently unavailable
Aldrich Landscape,5,https://www.tiktok.com/@aldrichlandscape/video/6875850642737450245,2300.0,160.0,0.4,1.2000,checked,
We’re Not Really Strangers,4,https://www.tiktok.com/@werenotreallystrangers/video/6915153129419869446,7800.0,1600.0,19.6,42.0000,checked,
We’re Not Really Strangers,5,https://www.tiktok.com/@werenotreallystrangers/video/6906905148363164933,6600.0,1200.0,20.9,70.2000,checked,
Starface,4,https://analisa.io/profile-tiktok/starface/video/6805722336759762181,178.9,12.1,0.1,0.0150,checked,
Starface,5,https://www.tiktok.com/@starface/video/6900215326978460934,54.4,12.1,0.8,0.0150,checked,
Fenty Beauty,4,https://www.tiktok.com/@fentybeauty/video/6799066958726761734,90.9,11.1,0.0,0.2280,checked,
Fenty Beauty,5,https://www.tiktok.com/@fentybeauty/video/6943346277082074374,67.2,7.9,0.1,0.2690,checked,
High Snobiety,4,https://www.tiktok.com/@highsnobiety/video/6799251154061528325,365.9,34.6,0.2,0.6400,checked,
High Snobiety,5,https://www.tiktok.com/@highsnobiety/video/6799266954780757253,303.1,10.2,1.0,0.2500,checked,
sosatisfying,4,https://www.tiktok.com/@sosatisfying/video/6948173780946636038,1500.0,135.7,1.0,0.4160,checked,
sosatisfying,5,https://www.tiktok.com/@sosatisfying/video/6946243981743279366,1000.0,57.7,0.8,0.4900,checked,
Lush,4,https://www.tiktok.com/@lush/video/6821929110189690117,182.9,39.4,0.1,0.0920,checked,
Lush,5,https://www.tiktok.com/@lush/video/6808113370173099270,171.4,19.4,0.1,0.2670,checked,
ASOS,3,https://www.tiktok.com/@asos/video/6868323581089058054,42200.0,877.5,10.2,2.7000,,Video is private
ASOS,4,https://www.tiktok.com/@asos/video/6865677489105046789,22500.0,120.0,4.3,0.7380,checked,
ASOS,5,https://www.tiktok.com/@asos/video/6863384284019870981,21200.0,116.4,3.2,0.7740,checked,
Teen Vogue,4,https://www.tiktok.com/@teenvogue/video/207331549963603968,622.8,87.7,0.1,0.0070,checked,
Teen Vogue,5,https://www.tiktok.com/@teenvogue/video/204856641505423360,477.1,67.9,0.1,0.0140,checked,
Safeguard,4,https://www.tiktok.com/@safeguardsoap/video/6839020771470298374,20.0,1.7,0.0,0.0060,checked,
Safeguard,5,https://www.tiktok.com/@safeguardsoap/video/6839078731584212229,18.4,1.6,0.0,0.0070,checked,
NYX Professional Makeup,4,https://www.tiktok.com/@nyxcosmetics/video/6917632898489257221,531.5,136.2,0.8,2.3800,checked,
NYX Professional Makeup,5,https://www.tiktok.com/@nyxcosmetics/video/6909557077195197701,447.5,24.6,0.1,0.6360,checked,
Aldo,4,https://www.tiktok.com/@aldo_shoes/video/6948526983743655174,11.7,0.4,0.0,0.0110,checked,
hulu,4,https://www.tiktok.com/@hulu/video/6942552985092263173,2700.0,12.3,0.1,0.2370,checked,
hulu,5,https://www.tiktok.com/@hulu/video/6946047251160599814,2400.0,4.4,0.0,0.0320,checked,
Cheetos,5,https://www.tiktok.com/@cheetos/video/6925909744116960517,1600.0,12.8,0.2,0.0700,checked,
Cheetos,4,https://www.tiktok.com/@cheetos/video/6925910366853565702,1600.0,32.2,0.3,0.2620,checked,
90dayfiance,5,https://www.tiktok.com/@90dayofficial/video/6945854443757817093,767.3,62.9,0.2,0.2200,checked,
90dayfiance,4,https://www.tiktok.com/@90dayofficial/video/6941079699493768453,834.0,81.1,1.0,2.7860,checked,
Colts Mascot,4,https://www.tiktok.com/@blue/video/6806361365188480262,19800.0,1100.0,3.2,7.5290,checked,
Colts Mascot,5,https://www.tiktok.com/@blue/video/6795582717070298373,12300.0,478.5,3.2,2.7030,checked,
girls,4,https://www.tiktok.com/@girls/video/6830603479912959237,9900.0,659.8,48.1,91.5000,checked,
girls,5,https://www.tiktok.com/@girls/video/6903269832775535874,7200.0,659.8,1.3,2.7880,checked,
It Gets Better,4,https://www.tiktok.com/@itgetsbetter/video/6840301777284353285,912.3,309.0,9.9,11.0000,checked,
It Gets Better,5,https://www.tiktok.com/@itgetsbetter/video/6840301777284353285,801.8,152.9,2.4,2.7900,,Same video contect as video ranked 4th
5-Minute Crafts,4,https://www.tiktok.com/@5.minute.crafts/video/6847109137902423301,29000.0,1700.0,3.7,20.9000,checked,
5-Minute Crafts,5,https://www.tiktok.com/@5.minute.crafts/video/6823470820313206021,27600.0,2000.0,3.3,36.1000,checked,
San Diego Zoo,4,https://www.tiktok.com/@sandiegozoo/video/6816082776899521797,7600.0,660.3,8.6,70.8000,checked,
San Diego Zoo,5,https://www.tiktok.com/@sandiegozoo/video/6691309566975544582,7300.0,383.3,1.8,6.5000,,Video currently unavailable
hbomax,4,https://www.tiktok.com/@hbomax/video/6899138199264824581,4200.0,1600.0,16.3,86.2000,checked,
hbomax,5,https://www.tiktok.com/@hbomax/video/6882455202574650630,2900.0,392.6,1.0,1.2660,checked,
PUMA,4,https://www.tiktok.com/@puma/video/6897232182268529925,2500.0,265.7,1.8,7.3220,checked,
PUMA,5,https://www.tiktok.com/@puma/video/6860829376628526341,1500.0,176.7,0.6,0.5090,checked,
pounce cat cafe,4,https://www.tiktok.com/@pouncecatcafe/video/6841738592679644421,628.8,249.8,4.5,4.3970,checked,
pounce cat cafe,5,https://www.tiktok.com/@pouncecatcafe/video/6853195893445790982,493.6,65.4,2.3,0.2680,checked,
Donnie,4,https://www.tiktok.com/@designs.by.donnie/video/6943996540419591430,493.9,34.4,0.2,1.5200,checked,
Donnie,5,https://www.tiktok.com/@designs.by.donnie/video/6909544624386313477,424.3,11.8,0.1,1.2550,checked,
Long Island Real Estate,4,https://www.tiktok.com/@luckytolivehere/video/6878009622590999813,317.2,13.9,0.1,0.1050,checked,
Long Island Real Estate,5,https://www.tiktok.com/@luckytolivehere/video/6857630078587653381,263.9,42.1,0.2,1.3570,checked,
Queen City Alchemy,4,https://www.tiktok.com/@queencityalchemy/video/6816860111936507142,98.6,26.6,0.9,0.4610,checked,
Queen City Alchemy,5,https://www.tiktok.com/@queencityalchemy/video/6813892526068550918,69.5,14.7,0.2,1.2570,checked,
fayarklawnco,4,https://www.tiktok.com/@fayarklawnco/video/6869948253673147654,1300.0,108.0,0.9,0.2630,checked,
fayarklawnco,5,https://www.tiktok.com/@fayarklawnco/video/6861321638810635526,1000.0,6.1,0.1,0.1640,checked,
Ryanair,4,https://www.tiktok.com/@ryanair/video/6930279587662269701,4400.0,990.4,8.5,12.3000,checked,
Ryanair,3,https://www.tiktok.com/@ryanair/video/6933525495992667397,4500.0,680.2,8.0,9.4000,,Video currently unavailable
Ryanair,5,https://www.tiktok.com/@ryanair/video/6926861234113383685,4200.0,588.0,15.3,12.6000,checked,
Yahoo News,4,https://www.tiktok.com/@yahoonews/video/6885877730815102214,9200.0,1500.0,27.4,0.2700,checked,
Yahoo News,5,https://www.tiktok.com/@yahoonews/video/6878088696164355334,7400.0,1200.0,55.3,32.7000,checked,
MTV,4,https://www.tiktok.com/@mtv/video/6784536424508099845,8300.0,725.2,5.1,35.9000,checked,
MTV,5,https://www.tiktok.com/@mtv/video/6939976159392255237,6600.0,1500.0,13.0,23.1000,checked,
Steak-umm,4,https://www.tiktok.com/@steakumm/video/6784563820787518726,524.6,75.8,0.3,0.4940,checked,
Steak-umm,5,https://www.tiktok.com/@steakumm/video/6779972339577785606,461.9,32.1,0.4,0.3500,checked,
Turner Classic Movies (TCM),4,https://www.tiktok.com/@tcm/video/6940011894308605189,318.6,46.6,0.8,1.0360,checked,
Turner Classic Movies (TCM),5,https://www.tiktok.com/@tcm/video/6922564030167125253,316.0,77.5,0.7,0.9110,checked,
World Health Organization,5,https://www.tiktok.com/@who/video/6800747104848399621,18400.0,538.3,3.5,39.3000,checked,
World Health Organization,4,https://www.tiktok.com/@who/video/6798585004302683398,35100.0,593.8,3.5,14.4000,checked,
Chipotle,5,https://www.tiktok.com/@chipotle/video/6831672651140877574,7100.0,1500.0,24.5,15.7000,checked,
Chipotle,4,https://www.tiktok.com/@chipotle/video/6860983454222339334,9000.0,1800.0,16.9,40.3000,checked,
Mountain Dew,5,https://www.tiktok.com/@mountaindew/video/6889461361265347846,65.5,6.8,1.2,0.0590,checked,
Mountain Dew,4,https://www.tiktok.com/@mountaindew/video/6932556666604997894,72.8,8.5,0.3,0.0600,checked,